{ "frames": [
   {
    "filename": "shamrock3 #idle 0.aseprite",
    "frame": { "x": 0, "y": 69, "w": 61, "h": 66 },
    "rotated": false,
    "trimmed": true,
    "spriteSourceSize": { "x": 0, "y": 0, "w": 61, "h": 66 },
    "sourceSize": { "w": 62, "h": 70 },
    "duration": 100
   },
   {
    "filename": "shamrock3 #idle 1.aseprite",
    "frame": { "x": 0, "y": 0, "w": 61, "h": 67 },
    "rotated": false,
    "trimmed": true,
    "spriteSourceSize": { "x": 1, "y": 0, "w": 61, "h": 67 },
    "sourceSize": { "w": 62, "h": 70 },
    "duration": 100
   },
   {
    "filename": "shamrock3 #idle 2.aseprite",
    "frame": { "x": 63, "y": 0, "w": 60, "h": 68 },
    "rotated": false,
    "trimmed": true,
    "spriteSourceSize": { "x": 1, "y": 2, "w": 60, "h": 68 },
    "sourceSize": { "w": 62, "h": 70 },
    "duration": 100
   },
   {
    "filename": "shamrock3 #idle 3.aseprite",
    "frame": { "x": 0, "y": 0, "w": 61, "h": 67 },
    "rotated": false,
    "trimmed": true,
    "spriteSourceSize": { "x": 1, "y": 1, "w": 61, "h": 67 },
    "sourceSize": { "w": 62, "h": 70 },
    "duration": 100
   },
   {
    "filename": "shamrock3 #idle 4.aseprite",
    "frame": { "x": 0, "y": 69, "w": 61, "h": 66 },
    "rotated": false,
    "trimmed": true,
    "spriteSourceSize": { "x": 0, "y": 0, "w": 61, "h": 66 },
    "sourceSize": { "w": 62, "h": 70 },
    "duration": 100
   },
   {
    "filename": "shamrock3 #idle 5.aseprite",
    "frame": { "x": 125, "y": 0, "w": 57, "h": 61 },
    "rotated": false,
    "trimmed": true,
    "spriteSourceSize": { "x": 2, "y": 3, "w": 57, "h": 61 },
    "sourceSize": { "w": 62, "h": 70 },
    "duration": 100
   }
 ],
 "meta": {
  "app": "https://www.aseprite.org/",
  "version": "1.2.32-x64",
  "image": "shamrock3.png",
  "format": "RGBA8888",
  "size": { "w": 182, "h": 135 },
  "scale": "1",
  "frameTags": [
   { "name": "idle", "from": 0, "to": 5, "direction": "forward" }
  ],
  "layers": [
   { "name": "Flattened", "opacity": 255, "blendMode": "normal" }
  ],
  "slices": [
  ]
 }
}
