{ "frames": [
   {
    "filename": "33 #fly 0.aseprite",
    "frame": { "x": 563, "y": 140, "w": 61, "h": 45 },
    "rotated": false,
    "trimmed": true,
    "spriteSourceSize": { "x": 1, "y": 16, "w": 61, "h": 45 },
    "sourceSize": { "w": 96, "h": 64 },
    "duration": 100
   },
   {
    "filename": "33 #fly 1.aseprite",
    "frame": { "x": 558, "y": 187, "w": 59, "h": 45 },
    "rotated": false,
    "trimmed": true,
    "spriteSourceSize": { "x": 3, "y": 17, "w": 59, "h": 45 },
    "sourceSize": { "w": 96, "h": 64 },
    "duration": 100
   },
   {
    "filename": "33 #fly 2.aseprite",
    "frame": { "x": 133, "y": 190, "w": 60, "h": 44 },
    "rotated": false,
    "trimmed": true,
    "spriteSourceSize": { "x": 2, "y": 18, "w": 60, "h": 44 },
    "sourceSize": { "w": 96, "h": 64 },
    "duration": 100
   },
   {
    "filename": "33 #fly 3.aseprite",
    "frame": { "x": 258, "y": 200, "w": 59, "h": 44 },
    "rotated": false,
    "trimmed": true,
    "spriteSourceSize": { "x": 3, "y": 20, "w": 59, "h": 44 },
    "sourceSize": { "w": 96, "h": 64 },
    "duration": 100
   },
   {
    "filename": "33 #fly 4.aseprite",
    "frame": { "x": 379, "y": 233, "w": 58, "h": 44 },
    "rotated": false,
    "trimmed": true,
    "spriteSourceSize": { "x": 4, "y": 19, "w": 58, "h": 44 },
    "sourceSize": { "w": 96, "h": 64 },
    "duration": 100
   },
   {
    "filename": "33 #fly 5.aseprite",
    "frame": { "x": 62, "y": 193, "w": 59, "h": 44 },
    "rotated": false,
    "trimmed": true,
    "spriteSourceSize": { "x": 3, "y": 18, "w": 59, "h": 44 },
    "sourceSize": { "w": 96, "h": 64 },
    "duration": 100
   },
   {
    "filename": "33 #fly 6.aseprite",
    "frame": { "x": 250, "y": 141, "w": 61, "h": 45 },
    "rotated": false,
    "trimmed": true,
    "spriteSourceSize": { "x": 1, "y": 16, "w": 61, "h": 45 },
    "sourceSize": { "w": 96, "h": 64 },
    "duration": 100
   },
   {
    "filename": "33 #fly 7.aseprite",
    "frame": { "x": 436, "y": 186, "w": 59, "h": 45 },
    "rotated": false,
    "trimmed": true,
    "spriteSourceSize": { "x": 3, "y": 15, "w": 59, "h": 45 },
    "sourceSize": { "w": 96, "h": 64 },
    "duration": 100
   },
   {
    "filename": "33 #fly 8.aseprite",
    "frame": { "x": 196, "y": 188, "w": 60, "h": 44 },
    "rotated": false,
    "trimmed": true,
    "spriteSourceSize": { "x": 2, "y": 14, "w": 60, "h": 44 },
    "sourceSize": { "w": 96, "h": 64 },
    "duration": 100
   },
   {
    "filename": "33 #fly 9.aseprite",
    "frame": { "x": 258, "y": 200, "w": 59, "h": 44 },
    "rotated": false,
    "trimmed": true,
    "spriteSourceSize": { "x": 3, "y": 13, "w": 59, "h": 44 },
    "sourceSize": { "w": 96, "h": 64 },
    "duration": 100
   },
   {
    "filename": "33 #fly 10.aseprite",
    "frame": { "x": 319, "y": 233, "w": 58, "h": 44 },
    "rotated": false,
    "trimmed": true,
    "spriteSourceSize": { "x": 4, "y": 14, "w": 58, "h": 44 },
    "sourceSize": { "w": 96, "h": 64 },
    "duration": 100
   },
   {
    "filename": "33 #fly 11.aseprite",
    "frame": { "x": 62, "y": 193, "w": 59, "h": 44 },
    "rotated": false,
    "trimmed": true,
    "spriteSourceSize": { "x": 3, "y": 15, "w": 59, "h": 44 },
    "sourceSize": { "w": 96, "h": 64 },
    "duration": 100
   },
   {
    "filename": "33 #blow 0.aseprite",
    "frame": { "x": 93, "y": 0, "w": 92, "h": 46 },
    "rotated": false,
    "trimmed": true,
    "spriteSourceSize": { "x": 1, "y": 15, "w": 92, "h": 46 },
    "sourceSize": { "w": 96, "h": 64 },
    "duration": 100
   },
   {
    "filename": "33 #blow 1.aseprite",
    "frame": { "x": 187, "y": 49, "w": 89, "h": 45 },
    "rotated": false,
    "trimmed": true,
    "spriteSourceSize": { "x": 3, "y": 18, "w": 89, "h": 45 },
    "sourceSize": { "w": 96, "h": 64 },
    "duration": 100
   },
   {
    "filename": "33 #blow 2.aseprite",
    "frame": { "x": 187, "y": 0, "w": 90, "h": 47 },
    "rotated": false,
    "trimmed": true,
    "spriteSourceSize": { "x": 2, "y": 16, "w": 90, "h": 47 },
    "sourceSize": { "w": 96, "h": 64 },
    "duration": 100
   },
   {
    "filename": "33 #blow 3.aseprite",
    "frame": { "x": 547, "y": 94, "w": 84, "h": 44 },
    "rotated": false,
    "trimmed": true,
    "spriteSourceSize": { "x": 3, "y": 18, "w": 84, "h": 44 },
    "sourceSize": { "w": 96, "h": 64 },
    "duration": 100
   },
   {
    "filename": "33 #blow 4.aseprite",
    "frame": { "x": 374, "y": 186, "w": 60, "h": 45 },
    "rotated": false,
    "trimmed": true,
    "spriteSourceSize": { "x": 4, "y": 15, "w": 60, "h": 45 },
    "sourceSize": { "w": 96, "h": 64 },
    "duration": 100
   },
   {
    "filename": "33 #blow 5.aseprite",
    "frame": { "x": 0, "y": 97, "w": 71, "h": 45 },
    "rotated": false,
    "trimmed": true,
    "spriteSourceSize": { "x": 3, "y": 14, "w": 71, "h": 45 },
    "sourceSize": { "w": 96, "h": 64 },
    "duration": 100
   },
   {
    "filename": "33 #blow 6.aseprite",
    "frame": { "x": 556, "y": 0, "w": 88, "h": 44 },
    "rotated": false,
    "trimmed": true,
    "spriteSourceSize": { "x": 1, "y": 14, "w": 88, "h": 44 },
    "sourceSize": { "w": 96, "h": 64 },
    "duration": 100
   },
   {
    "filename": "33 #blow 7.aseprite",
    "frame": { "x": 369, "y": 0, "w": 92, "h": 45 },
    "rotated": false,
    "trimmed": true,
    "spriteSourceSize": { "x": 3, "y": 15, "w": 92, "h": 45 },
    "sourceSize": { "w": 96, "h": 64 },
    "duration": 100
   },
   {
    "filename": "33 #blow 8.aseprite",
    "frame": { "x": 463, "y": 0, "w": 91, "h": 45 },
    "rotated": false,
    "trimmed": true,
    "spriteSourceSize": { "x": 2, "y": 15, "w": 91, "h": 45 },
    "sourceSize": { "w": 96, "h": 64 },
    "duration": 100
   },
   {
    "filename": "33 #blow 9.aseprite",
    "frame": { "x": 0, "y": 50, "w": 89, "h": 45 },
    "rotated": false,
    "trimmed": true,
    "spriteSourceSize": { "x": 3, "y": 18, "w": 89, "h": 45 },
    "sourceSize": { "w": 96, "h": 64 },
    "duration": 100
   },
   {
    "filename": "33 #blow 10.aseprite",
    "frame": { "x": 279, "y": 0, "w": 88, "h": 48 },
    "rotated": false,
    "trimmed": true,
    "spriteSourceSize": { "x": 4, "y": 16, "w": 88, "h": 48 },
    "sourceSize": { "w": 96, "h": 64 },
    "duration": 100
   },
   {
    "filename": "33 #blow 11.aseprite",
    "frame": { "x": 278, "y": 95, "w": 84, "h": 44 },
    "rotated": false,
    "trimmed": true,
    "spriteSourceSize": { "x": 3, "y": 18, "w": 84, "h": 44 },
    "sourceSize": { "w": 96, "h": 64 },
    "duration": 100
   },
   {
    "filename": "33 #blow 12.aseprite",
    "frame": { "x": 498, "y": 140, "w": 63, "h": 45 },
    "rotated": false,
    "trimmed": true,
    "spriteSourceSize": { "x": 1, "y": 15, "w": 63, "h": 45 },
    "sourceSize": { "w": 96, "h": 64 },
    "duration": 100
   },
   {
    "filename": "33 #blow 13.aseprite",
    "frame": { "x": 425, "y": 139, "w": 71, "h": 45 },
    "rotated": false,
    "trimmed": true,
    "spriteSourceSize": { "x": 3, "y": 14, "w": 71, "h": 45 },
    "sourceSize": { "w": 96, "h": 64 },
    "duration": 100
   },
   {
    "filename": "33 #blow 14.aseprite",
    "frame": { "x": 278, "y": 50, "w": 87, "h": 43 },
    "rotated": false,
    "trimmed": true,
    "spriteSourceSize": { "x": 2, "y": 14, "w": 87, "h": 43 },
    "sourceSize": { "w": 96, "h": 64 },
    "duration": 100
   },
   {
    "filename": "33 #blow 15.aseprite",
    "frame": { "x": 93, "y": 48, "w": 92, "h": 44 },
    "rotated": false,
    "trimmed": true,
    "spriteSourceSize": { "x": 3, "y": 15, "w": 92, "h": 44 },
    "sourceSize": { "w": 96, "h": 64 },
    "duration": 100
   },
   {
    "filename": "33 #blow 16.aseprite",
    "frame": { "x": 369, "y": 47, "w": 89, "h": 46 },
    "rotated": false,
    "trimmed": true,
    "spriteSourceSize": { "x": 4, "y": 15, "w": 89, "h": 46 },
    "sourceSize": { "w": 96, "h": 64 },
    "duration": 100
   },
   {
    "filename": "33 #blow 17.aseprite",
    "frame": { "x": 554, "y": 47, "w": 89, "h": 45 },
    "rotated": false,
    "trimmed": true,
    "spriteSourceSize": { "x": 3, "y": 18, "w": 89, "h": 45 },
    "sourceSize": { "w": 96, "h": 64 },
    "duration": 100
   },
   {
    "filename": "33 #blow 18.aseprite",
    "frame": { "x": 0, "y": 0, "w": 91, "h": 48 },
    "rotated": false,
    "trimmed": true,
    "spriteSourceSize": { "x": 1, "y": 16, "w": 91, "h": 48 },
    "sourceSize": { "w": 96, "h": 64 },
    "duration": 100
   },
   {
    "filename": "33 #blow 19.aseprite",
    "frame": { "x": 91, "y": 94, "w": 84, "h": 44 },
    "rotated": false,
    "trimmed": true,
    "spriteSourceSize": { "x": 3, "y": 18, "w": 84, "h": 44 },
    "sourceSize": { "w": 96, "h": 64 },
    "duration": 100
   },
   {
    "filename": "33 #blow 20.aseprite",
    "frame": { "x": 0, "y": 144, "w": 62, "h": 44 },
    "rotated": false,
    "trimmed": true,
    "spriteSourceSize": { "x": 2, "y": 15, "w": 62, "h": 44 },
    "sourceSize": { "w": 96, "h": 64 },
    "duration": 100
   },
   {
    "filename": "33 #blow 21.aseprite",
    "frame": { "x": 177, "y": 96, "w": 71, "h": 45 },
    "rotated": false,
    "trimmed": true,
    "spriteSourceSize": { "x": 3, "y": 14, "w": 71, "h": 45 },
    "sourceSize": { "w": 96, "h": 64 },
    "duration": 100
   },
   {
    "filename": "33 #blow 22.aseprite",
    "frame": { "x": 460, "y": 93, "w": 85, "h": 44 },
    "rotated": false,
    "trimmed": true,
    "spriteSourceSize": { "x": 4, "y": 14, "w": 85, "h": 44 },
    "sourceSize": { "w": 96, "h": 64 },
    "duration": 100
   },
   {
    "filename": "33 #blow 23.aseprite",
    "frame": { "x": 460, "y": 47, "w": 92, "h": 44 },
    "rotated": false,
    "trimmed": true,
    "spriteSourceSize": { "x": 3, "y": 15, "w": 92, "h": 44 },
    "sourceSize": { "w": 96, "h": 64 },
    "duration": 100
   },
   {
    "filename": "33 #into_dizzy 0.aseprite",
    "frame": { "x": 133, "y": 143, "w": 61, "h": 45 },
    "rotated": false,
    "trimmed": true,
    "spriteSourceSize": { "x": 1, "y": 16, "w": 61, "h": 45 },
    "sourceSize": { "w": 96, "h": 64 },
    "duration": 100
   },
   {
    "filename": "33 #into_dizzy 1.aseprite",
    "frame": { "x": 497, "y": 187, "w": 59, "h": 45 },
    "rotated": false,
    "trimmed": true,
    "spriteSourceSize": { "x": 3, "y": 17, "w": 59, "h": 45 },
    "sourceSize": { "w": 96, "h": 64 },
    "duration": 100
   },
   {
    "filename": "33 #into_dizzy 2.aseprite",
    "frame": { "x": 0, "y": 190, "w": 60, "h": 44 },
    "rotated": false,
    "trimmed": true,
    "spriteSourceSize": { "x": 2, "y": 18, "w": 60, "h": 44 },
    "sourceSize": { "w": 96, "h": 64 },
    "duration": 100
   },
   {
    "filename": "33 #into_dizzy 3.aseprite",
    "frame": { "x": 195, "y": 234, "w": 59, "h": 43 },
    "rotated": false,
    "trimmed": true,
    "spriteSourceSize": { "x": 3, "y": 21, "w": 59, "h": 43 },
    "sourceSize": { "w": 96, "h": 64 },
    "duration": 100
   },
   {
    "filename": "33 #into_dizzy 4.aseprite",
    "frame": { "x": 123, "y": 236, "w": 58, "h": 35 },
    "rotated": false,
    "trimmed": true,
    "spriteSourceSize": { "x": 4, "y": 28, "w": 58, "h": 35 },
    "sourceSize": { "w": 96, "h": 64 },
    "duration": 100
   },
   {
    "filename": "33 #into_dizzy 5.aseprite",
    "frame": { "x": 0, "y": 236, "w": 59, "h": 35 },
    "rotated": false,
    "trimmed": true,
    "spriteSourceSize": { "x": 3, "y": 27, "w": 59, "h": 35 },
    "sourceSize": { "w": 96, "h": 64 },
    "duration": 100
   },
   {
    "filename": "33 #into_dizzy 6.aseprite",
    "frame": { "x": 563, "y": 234, "w": 61, "h": 37 },
    "rotated": false,
    "trimmed": true,
    "spriteSourceSize": { "x": 1, "y": 24, "w": 61, "h": 37 },
    "sourceSize": { "w": 96, "h": 64 },
    "duration": 100
   },
   {
    "filename": "33 #into_dizzy 7.aseprite",
    "frame": { "x": 501, "y": 234, "w": 60, "h": 41 },
    "rotated": false,
    "trimmed": true,
    "spriteSourceSize": { "x": 3, "y": 19, "w": 60, "h": 41 },
    "sourceSize": { "w": 96, "h": 64 },
    "duration": 100
   },
   {
    "filename": "33 #into_dizzy 8.aseprite",
    "frame": { "x": 439, "y": 234, "w": 60, "h": 42 },
    "rotated": false,
    "trimmed": true,
    "spriteSourceSize": { "x": 2, "y": 16, "w": 60, "h": 42 },
    "sourceSize": { "w": 96, "h": 64 },
    "duration": 100
   },
   {
    "filename": "33 #into_dizzy 9.aseprite",
    "frame": { "x": 313, "y": 152, "w": 59, "h": 46 },
    "rotated": false,
    "trimmed": true,
    "spriteSourceSize": { "x": 3, "y": 11, "w": 59, "h": 46 },
    "sourceSize": { "w": 96, "h": 64 },
    "duration": 100
   },
   {
    "filename": "33 #into_dizzy 10.aseprite",
    "frame": { "x": 73, "y": 140, "w": 58, "h": 51 },
    "rotated": false,
    "trimmed": true,
    "spriteSourceSize": { "x": 4, "y": 7, "w": 58, "h": 51 },
    "sourceSize": { "w": 96, "h": 64 },
    "duration": 100
   },
   {
    "filename": "33 #into_dizzy 11.aseprite",
    "frame": { "x": 364, "y": 95, "w": 59, "h": 55 },
    "rotated": false,
    "trimmed": true,
    "spriteSourceSize": { "x": 3, "y": 4, "w": 59, "h": 55 },
    "sourceSize": { "w": 96, "h": 64 },
    "duration": 100
   },
   {
    "filename": "33 #dizzy 0.aseprite",
    "frame": { "x": 61, "y": 239, "w": 61, "h": 33 },
    "rotated": false,
    "trimmed": true,
    "spriteSourceSize": { "x": 1, "y": 28, "w": 61, "h": 33 },
    "sourceSize": { "w": 96, "h": 64 },
    "duration": 100
   },
   {
    "filename": "33 #dizzy 1.aseprite",
    "frame": { "x": 256, "y": 246, "w": 59, "h": 33 },
    "rotated": false,
    "trimmed": true,
    "spriteSourceSize": { "x": 3, "y": 29, "w": 59, "h": 33 },
    "sourceSize": { "w": 96, "h": 64 },
    "duration": 100
   },
   {
    "filename": "33 #dizzy 2.aseprite",
    "frame": { "x": 563, "y": 273, "w": 60, "h": 32 },
    "rotated": false,
    "trimmed": true,
    "spriteSourceSize": { "x": 2, "y": 30, "w": 60, "h": 32 },
    "sourceSize": { "w": 96, "h": 64 },
    "duration": 100
   },
   {
    "filename": "33 #dizzy 3.aseprite",
    "frame": { "x": 0, "y": 273, "w": 59, "h": 33 },
    "rotated": false,
    "trimmed": true,
    "spriteSourceSize": { "x": 3, "y": 31, "w": 59, "h": 33 },
    "sourceSize": { "w": 96, "h": 64 },
    "duration": 100
   },
   {
    "filename": "33 #dizzy 4.aseprite",
    "frame": { "x": 61, "y": 274, "w": 58, "h": 33 },
    "rotated": false,
    "trimmed": true,
    "spriteSourceSize": { "x": 4, "y": 30, "w": 58, "h": 33 },
    "sourceSize": { "w": 96, "h": 64 },
    "duration": 100
   },
   {
    "filename": "33 #dizzy 5.aseprite",
    "frame": { "x": 124, "y": 273, "w": 59, "h": 33 },
    "rotated": false,
    "trimmed": true,
    "spriteSourceSize": { "x": 3, "y": 29, "w": 59, "h": 33 },
    "sourceSize": { "w": 96, "h": 64 },
    "duration": 100
   }
 ],
 "meta": {
  "app": "https://www.aseprite.org/",
  "version": "1.2.32-x64",
  "image": "33.png",
  "format": "RGBA8888",
  "size": { "w": 644, "h": 307 },
  "scale": "1",
  "frameTags": [
   { "name": "fly", "from": 0, "to": 11, "direction": "forward" },
   { "name": "blow", "from": 12, "to": 35, "direction": "forward" },
   { "name": "into_dizzy", "from": 36, "to": 47, "direction": "forward" },
   { "name": "dizzy", "from": 48, "to": 53, "direction": "forward" }
  ],
  "layers": [
   { "name": "Flattened", "opacity": 255, "blendMode": "normal" }
  ],
  "slices": [
  ]
 }
}
