{ "frames": [
   {
    "filename": "0",
    "frame": { "x": 37, "y": 0, "w": 18, "h": 26 },
    "rotated": false,
    "trimmed": true,
    "spriteSourceSize": { "x": 15, "y": 11, "w": 18, "h": 26 },
    "sourceSize": { "w": 50, "h": 50 },
    "duration": 1000
   },
   {
    "filename": "1",
    "frame": { "x": 37, "y": 27, "w": 18, "h": 26 },
    "rotated": false,
    "trimmed": true,
    "spriteSourceSize": { "x": 15, "y": 11, "w": 18, "h": 26 },
    "sourceSize": { "w": 50, "h": 50 },
    "duration": 1000
   },
   {
    "filename": "2",
    "frame": { "x": 56, "y": 0, "w": 11, "h": 26 },
    "rotated": false,
    "trimmed": true,
    "spriteSourceSize": { "x": 19, "y": 11, "w": 11, "h": 26 },
    "sourceSize": { "w": 50, "h": 50 },
    "duration": 1000
   },
   {
    "filename": "3",
    "frame": { "x": 0, "y": 0, "w": 36, "h": 29 },
    "rotated": false,
    "trimmed": true,
    "spriteSourceSize": { "x": 8, "y": 10, "w": 36, "h": 29 },
    "sourceSize": { "w": 50, "h": 50 },
    "duration": 10000
   }
 ],
 "meta": {
  "app": "https://www.aseprite.org/",
  "version": "1.2.32-x64",
  "image": "count.png",
  "format": "RGBA8888",
  "size": { "w": 67, "h": 53 },
  "scale": "1",
  "frameTags": [
   { "name": "idle", "from": 0, "to": 3, "direction": "forward" }
  ],
  "layers": [
   { "name": "Flattened", "opacity": 255, "blendMode": "normal" }
  ],
  "slices": [
  ]
 }
}
